Token Name,Contract Address,Creator ,Number of Tokens Minted,token_bougth_start,quantity_adjusted_start,average_adjusted_start,tokens_start,tokens_bought_2_weeks,quantity_adjusted_2,average_adjusted_2,tokens_bought_month,quantity_adjusted_month,average_adjusted_month,Access & Utility,Interactive Experience ,Notes,Website,Art,Discord Channel
CryptoPunks,0xb47e3cd837dDF8e4c57F05d70Ab865de6e193BBB,0xc352b534e8b987e036a93539fd6897f53488e56a,10000,6/23/17,689.6933583,34.48466791,20,431,34140.0517,65.35465201,745,60945.56039,76.03202916,0,0,1.) No interactive part (just art) ,https://www.larvalabs.com/cryptopunks,1,1
Bored Ape Yacht Club,0xBC4CA0EdA7647A8aB7C2061c2E118A18a936f13D,0xaba7161a7fb69c88e16ed9f455ce62b791ee4d03,10000,6/23/17,689.6933583,34.48466791,20,431,34140.0517,65.35465201,745,60945.56039,76.03202916,1,1,"1.) Access to membership 2.) Charity event, arcade, club benefits ",https://boredapeyachtclub.com/#/,0,1
Mutant Ape Yacht Club ,0x60E4d786628Fea6478F785A6d7e704777c86a7c6,0x9056d15c49b19df52ffad1e6c11627f035c0c960,20000,8/29/21,133598741.2,23891.04815,5592,9704,243611403.5,22360.04933,11418,271785267.9,19310.60445,0,0,1.) Created through an interactive experience but token itself does not grant any benefits ,https://boredapeyachtclub.com/#/,1,0
The Sandbox ,0x50f5474724e0Ee42D9a4e711ccFB275809Fd6d4a,0x18dd4e0eb8699eA4FeE238dE41ECfb95e32272f8,166464,12/5/19,1072.63152,178.77192,6,65,8150.142233,116.4880699,93,11826.14514,110.6858405,1,1,1.) Access to game 2.) Interactive game ,https://www.sandbox.game/en/,0,1
Meebits,0x7Bd29408f11D2bFC23c34f18275bBf23bB716Bc7,0xc352b534e8b987e036a93539fd6897f53488e56a,20000,5/3/21,12714506.75,17983.74363,707,3514,64156747.84,16678.07382,4008,67095399.22,11366.69683,0,0,Art ,,1,0
Loot (for Adventurers) ,0x1dfe7Ca09e99d10835Bf73044a23B73Fc20623DF,0xf296178d553c8ec21a2fbd2c5dda8ca9ac905a00,8000,8/27/21,221567.2576,218.5081436,1014,8993,235522511.1,31708.52649,9486,248392672.8,28482.49154,0,1,1.) No additional tokens dropped or community access mentioned 2.) Interactive game with loot ,https://www.lootproject.com/,0,0
CryptoKitties,0x06012c8cf97BEaD5deAe237070F9587f8E7A266d,0xa874AA3E03842A84E4B252315488d27837D89544,N/A,11/23/17,1903.761335,4.49000315,424,68429,8542518.902,57.75097544,220355,17383442.9,54.01734005,0,1,1.) Interactable but does not give you access to any additional tokens or in world events 2.) Breeding kittens,https://www.cryptokitties.co/,0,1
Cool Cats NFT ,0x1A92f7381B9F03921564a437210bB9396471050C,0x4265de963cdd60629d03fee2cd3285e6d5ff6015,9999,7/1/21,16295.61453,67.06014209,243,11007,9826008.303,1166.100286,13146,13724116.57,1501.546058,1,0.5,1.) Access to giveaways 2.) Not yet interactive but promises to ,https://www.coolcatsnft.com/,0,1
Parallel Alpha ,0x76BE3b62873462d2142405439777e971754E8E77,0x74db0bbfde94aa80a135c5f8b60c0ca3d17332f2,N/A,3/27/21,44560.14069,44560.14069,1,32,64265.16926,3469.327256,113,249609.6373,3384.597277,0,0.5,2.) Not yet interactive but will be a game in the future ,https://parallel.life/,0,1
CrypToadz by GREMPLIN,0x1CB1A5e65610AEFF2551A50f76a87a7d3fB649C6,0x1b2ef9d5db72ea1103fc24eedd2226477409383a,6969,9/9/21,14967661.99,2525.761389,5926,10465,42109528.18,5767.228595,13259,122943456,18517.09832,0,0,1.) Story but not access or interaction,https://cryptoadz.io/,1,1
Sorare,0x629A673A8242c2AC4B7B8C5D8735fbeac21A6205,0xfe004ded329be0dc8776bcb7fb56f9edf7ec8c4d,N/A,7/26/19,384.0375,384.0375,1,1669,41227.28716,45.49511421,4898,162899.471,41.75495347,0,1,1.) No token drops or access 2.) Interactive game ,https://sorare.com/,0,1
ON1 Force,0x3bf2922f4520a8BA0c2eFC3D2a1539678DaD5e9D,0x281302d3752b21beed7203443e9d500b5183738f,7777,8/15/21,204758.0077,2178.276678,94,12406,113832893.7,10937.49865,13814,129441163.7,10541.79719,1,1,1.) Exclusive access to merch and discord 2.) Cooperative RPG,https://www.0n1force.com/,0,1
PUNKS Comic,0xd0A07a76746707f6D6d36D9d5897B14a8e9ED493,0x8c685c44facb8bf246fcb0e383cca4bd46634bf8,N/A,5/11/21,5347.556038,1336.88901,4,25,17575.64684,633.3964159,549,451746.1704,652.6495834,1,1,1.) Access to comic book 2.) Burning and staking,https://punkscomic.com/,0,1
Pudgy Penguins ,0xBd3531dA5CF5857e7CfAA92426877b022e612cf8,0xe9da256a28630efdc637bfd4c65f0887be1aeda8,8888,6/12/21,2.842332403,2.842332403,1,88,1557.818467,21.65761706,2664,236701.1886,35.73720839,1,0,1.) Access to event 2.) No interactive element,https://www.pudgypenguins.io/,1,1
ZED RUN,0xA5F1Ea7DF861952863dF2e8d1312f7305dabf215,0x5bAF69e0C9b4b54258A68c0f1ABF896b240F62F0,N/A,3/15/21,17.9321,17.9321,1,753,876052.5468,929.8700183,3959,4794320.507,1131.089739,0,1,1.) No access to any events 2.) Race horses against each other ,https://zed.run/,0,0
Fidenza by Tyler ,0xa7d8d9ef8D8Ce8992Df33D8b8CF4Aebabd5bD270,0x96dc73c8b5969608c77375f085949744b5177660,999,6/11/21,427558.5214,1549.125078,276,650,2884214.287,9018.926375,709,3876769.714,13345.91613,0,0,Art ,https://www.artblocks.io/project/78,0,0
Hashmasks ,0xC2C747E0F7004F9E8817Db2ca4997657a7746928,0x2d2502becc9b6e01220ca3101e52cf1a76e16c39,16384,1/29/21,20773.46886,532.6530477,39,5401,19216031.41,3242.113024,8795,35557224.16,4057.098548,0,1,1.) No access 2.) Ability to name smart contract ,https://www.thehashmasks.com/,1,1
Bored Ape Kennel Club ,0xba30E5F9Bb24caa003E9f2f0497Ad287FDF95623,0xaf62311ee2224fed4d3884a1793b4c50b86f4462,10000,6/18/21,108070.5402,1367.981522,79,3266,11160433.2,2936.140119,5090,16182604.95,2596.971226,0,0,Art,,1,1
CyberKongz ,0x57a204AA1042f6E66DD7730813f4024114d74f37,0x000000048797808be86aa9786c1f402671192d6b,1000,4/17/21,25243.51235,4207.252058,6,55,166475.8378,2550.761811,104,254651.0044,1997.344521,0,1,2.) Token money generated to add characteristics to NFT ,https://www.cyberkongz.com/,1,1
My Curio Cards ,0x73DA73EF3a6982109c4d5BDb0dB9dd3E3783f313,0x5af3e0472315ec9a6e8b101c0a29da33a575bf36,30,3/28/21,9938.179124,342.6958319,29,1253,482545.742,334.667625,1477,560669.9002,353.1104958,0,0,Art,https://curio.cards/,1,1
Vee Friends,0xa3AEe8BcE55BEeA1951EF834b99f3Ac60d1ABeeB,0xd6a984153acb6c9e2d788f08c2465a1358bb89a7,10255,5/13/21,6347.499606,2115.833202,3,128,733973.3777,5535.446117,512,6024989.507,9651.894443,1,0,1.) Token Drops and conference 2.) No interaction ,https://veefriends.com/,0,1
Creature World ,0xc92cedDfb8dd984A89fb494c376f9A48b999aAFc,0x9d6deb1ae595884b27d6438c65ff96e9177fb64f,10000,8/28/21,2656693.552,1593.697392,1667,13972,46866871.43,3701.088774,16284,58528660.5,4168.961181,0,0,1.) No access 2.) No interaction ,www.creature.world,1,1
Axie Infinity ,0xF5b0A3eFB8e8E4c201e2A935F110eAaF3FFEcb8d,0x01bf1d7c5e192313c26414e134584275f46271cf,N/A,3/25/18,1981.79812,198.179812,10,138,24926.6677,180.0082749,222,51891.73954,275.4366057,0,1,1.) No access 2.) Interactive game ,https://axieinfinity.com/,0,1
MyCryptoHeroes,0x77BD275fF2B3Dc007475aAC9Ce7F408F5A800188,0xe7af11370c3bab51230d8307454350bdf6d68f4a,N/A,9/23/18,100.2231097,50.11155484,2,56,8756.06778,85.73588958,237,12821.6407,75.16420178,0,1,1.) No access 2.) Interactive game ,https://www.mycryptoheroes.net/,0,1
Doodles ,0x8a90CAb2b38dba80c64b7734e58Ee1dB38B8992e,0x2b3ab8e7bb14988616359b78709538b10900ab7d,10000,10/17/21,4061130.976,4840.442164,839,9327,56056871.61,6600.872019,11750,75833441.23,7007.84124,1,0,1.) Able to participate in doodles treasury ,https://doodles.app/,1,1
LOSTPOETS,0x4b3406a41399c7FD2BA65cbC93697Ad9E7eA61e5,0x2ce780d7c743a57791b835a9d6f998b15bbba5a4,15184,9/3/21,2050207.446,1634.934168,1254,9920,16436827.66,1626.578564,21023,57597024.28,2547.026322,0,1,1.) No access 2.) Confusing game ,https://lostpoets.xyz/,1,0
World of Women,0x2953399124F0cBB46d2CbACD8A89cF0599974963,0xc9b6321dc216d91e626e9baa61b06b0e4d55bdb1,10000,7/27/21,10875.07465,231.384567,47,10243,16893965.45,2059.150887,13027,31255258.08,3401.935935,1,0,1.) Access to royalties and merch 2.) No interaction,https://worldofwomen.art/,1,1
The Doge Pound ,0xF4ee95274741437636e748DdAc70818B4ED7d043,0x9ad80abc02ba459d7a7e252b3d173f471daa1012,10000,7/13/21,1336.830526,121.5300478,11,3674,2618225.097,674.0707665,7454,13653198.94,1923.810869,1,0,1.) Access to community and merch 2.) No interaction ,https://thedogepoundnft.com/,1,1
Bored Ape Chemistry Club ,0x22c36BfdCef207F9c0CC941936eff94D4246d14A,0x9056d15c49b19df52ffad1e6c11627f035c0c960,10000,8/28/21,4482614.567,35296.1777,127,1847,60821453.19,28341.66348,2087,64989106.95,22926.05911,0,0,,,1,0
Ringers by Dmitri Cherniak ,0xa7d8d9ef8D8Ce8992Df33D8b8CF4Aebabd5bD270,0x96dc73c8b5969608c77375f085949744b5177660,1000,1/31/21,50453.49709,710.6126351,71,260,426928.1171,1779.601703,386,1571792.946,5635.071378,0,0,Art,https://www.artblocks.io/project/13,1,0
Cryptovoxels,0x4243a8413A77Eb559c6f8eAFfA63F46019056d08,0x2d891ed45c4c3eab978513df4b92a35cf131d2e2,N/A,6/12/18,171.4439676,85.72198379,2,27,2158.198246,71.19159757,68,5044.875344,67.6940288,0,1,1.) No access 2.) Interactive game ,https://www.cryptovoxels.com/,0,1
Lazy Lions ,0x8943C7bAC1914C9A7ABa750Bf2B6B09Fd21037E0,0x82888a271fae31794493b9f95d5f0f7175b810e3,10080,8/6/21,162829.0816,277.865327,586,7756,4425137.688,612.0118652,13245,16194644.69,1374.242169,1,1,"1.) Access to channel, merc, etc. 2.) Interactive game ",https://www.lazylionsnft.com/,0,1
Sneaky Vampire Syndicate ,0x495f947276749Ce646f68AC8c248420045cb7b5e,0xdcf7b7da5ac4f1b0e1a28935c523e9929c9134fc,8888,9/9/21,1004666.228,6440.168131,156,9504,46277441.16,6413.872796,10709,54926623.45,6826.961565,1,0,1.) Access to community 2.) No interactive game as of yet ,https://svs.gg/,0,1
SupDucks ,0x3Fe1a4c1481c8351E91B64D5c398b159dE07cbc5,0xafd618064739a2820f5f80c2585563a8af0e6871,10000,7/17/21,478115.8158,507.5539446,942,5203,4592046.128,763.8278933,7645,8032681.98,1129.844841,0,0,1.) No access 2.) No interactive ,https://supducks.com/,1,1
FLUF World ,0xCcc441ac31f02cD96C153DB6fd5Fe0a2F4e6A68d,0x7ff67da40beb9205a3c1842fbc7012451da96fff,10000,8/7/21,2625.102619,1312.55131,2,8877,29381604.91,2657.509121,10930,36133097.84,2879.532129,1,0,1.) Access to music 2.) No interactive ,https://fluf.world/,0,1
Autoglyphs,0xd4e4078ca3495DE5B1d4dB434BEbc5a986197782,0xC352B534e8b987e036A93539Fd6897F53488e56a,512,8/7/21,2625.102619,1312.55131,2,8877,29381604.91,2657.509121,10930,36133097.84,2879.532129,0,0,Art,https://www.larvalabs.com/autoglyphs,1,0
GalacticApes,0x12d2D1beD91c24f878F37E66bd829Ce7197e4d14,0x12aDf1D49a025051943Ac97C1D49BF0Df9e739FE,9999,9/26/21,5806895.048,1183.872589,4905,12652,40271094.85,5751.198439,14065,48334750.39,5733.987384,0,1,1.) No access 2.) Interactive game ,https://galacticapes.com/,1,1
Meridian by Matt DesLauriers,0xa7d8d9ef8D8Ce8992Df33D8b8CF4Aebabd5bD270,0x96dc73c8b5969608c77375f085949744b5177660,1000,9/28/21,17986693.68,25016.26381,719,1106,43081238.94,63983.6476,1164,45974933.28,56165.398,0,0,Art, https://www.artblocks.io/project/163,1,0
Mirandus ,0xc36cF0cFcb5d905B8B513860dB0CFE63F6Cf9F5c,0x0d24de9dccd263b310b7809283786c58d1f6a667,N/A ,10/9/20,106.0125427,106.0125427,1,29,13100.91378,464.8512558,53,17636.76606,325.516958,0,1,1.) No access 2.) Interactive game ,https://app.gala.games/games/mirandus/,0,0
Damien Hirst - The Currency,0xaaDc2D4261199ce24A4B0a57370c4FCf43BB60aa,0x93a4d298e8189a13e9d56d47f70afd4334c5e8f3,10000,7/30/21,166158.0238,9774.001399,17,333,3193902.309,9612.068735,1055,25698337.07,20611.34965,0,0,Art,,1,1
MutantCats,0xaAdBA140Ae5e4c8a9eF0Cc86EA3124b446e3E46A,0xeab8b983a04ca8d5a0704c2e9019c3979fc11d8b,9999,10/4/21,4186.512054,380.5920049,11,16619,42405291.33,4303.686376,18416,51966596.03,4801.544186,1,1,1.) Access to community 2.) Receive native token to augment NFT,https://mutantworld.com/,0,1
Gutter Cat Gang ,0xEdB61f74B0d09B2558F1eeb79B247c1F363Ae452,0xffa4daeaaefedb15c7fe8b4b8725708df9600d11,3000,6/8/21,718068.3903,551.9357343,1301,3883,3992328.156,1253.508084,5643,8193185.562,1958.284327,1,1,"1.)  NFT doubles as your membership token to the Gutter Cat Gang; each Gutter NFT unlocks varying and unique levels of community led access and perks 2.) Access to metaverse with drops of real estate, etc. ",https://guttercatgang.com/,0,1
Kaiju Kingz ,0x0c2E57EFddbA8c768147D1fdF9176a0A6EBd5d83,0x34f03c5a7af9ac02d28fa5d4dfcfe6475bc340df,3333,10/15/21,23401141.46,17081.12516,1370,2674,48735627.44,19952.02508,3066,54018930.38,16736.81039,1,1,"1.) will provide scholarships and funding for living expenses,equipment, and classes for developers and creatives 2.) generation of Baby Kaijuz & $RWASTE ",https://kaijukingz.io/#/,0,1
Starchain Official ,0x9e731cBa0deecE52FD7c3B439E2ec4b950E385D6,0x551E0713059896774721025e9953FCBE073AB4cE,10000,8/10/21,133688.1256,245.299313,545,947,165816.0143,71.43827372,1168,233491.5621,128.7431555,0,0,Art,,1,1
Bit Aliens,0x495f947276749Ce646f68AC8c248420045cb7b5e,0x5b3256965e7C3cF26E11FCAf296DfC8807C01073,2500,3/9/21,0,0,1,159,3242.570908,51.66026551,495,37485.30061,90.06077729,0,0,Art,,1,1
MyLittleUzis,0x854DF744630C51C782db5C992c621183D9c654cc,0x2e5f8b8fE24fa1e0b18AAc409AD620CB650BFd50,5000,10/1/21,6311.799836,87.66388661,72,1313,253303.9452,139.1639858,1329,257652.1307,177.2615042,0,0,Art,,1,0
Bones & Bananas,0xFBB6684EbD6093989740e8ef3e7D57cf3813E5a4,0x02d5115dba6b9309e0e889df7e7dc875dc5b451c,10000,7/15/21,191.5237681,191.5237681,1,1112,84002.29062,73.68689015,1423,129008.0086,111.7416045,1,0,1.) Proceeds go toward buying BAYC. Potential to win 2.) No game ,https://www.bonesandbananas.com/,0,1
PixelKnights ,0x495f947276749Ce646f68AC8c248420045cb7b5e,0x9374933862007acce42ffaf8bd23c2c5252ec28e,1000,3/11/21,675.6459,18.2607,37,263,6472.782157,30.65674704,296,8666.818113,47.86614588,0,0,1.) No access 2.) No interactive ,http://www.pixelknights.co/,1,1
AXON WORLDS,0x495f947276749Ce646f68AC8c248420045cb7b5e,0x8a48debdd94c9b19e74fdad114ec0fe568fd0500,N/A,7/20/21,2232.546861,279.0683577,8,34,15260.65953,498.1983127,72,90285.79755,1006.178876,0,0,Art,,1,1
Meeler's Creation,0x495f947276749Ce646f68AC8c248420045cb7b5e,0x9b4b51c7e560ff625997c7cae4f9fe4ff94b5f12,N/A,7/6/21,348.4543572,348.4543572,1,124,38451.48973,361.9631788,210,124605.2977,613.4859051,0,0,Art,,1,1
ChibiLabs,0x5AEb2a703323F69b20F397BCB7B38610EC37237b,0x8a04f9c3d4de6a118670fa9c5dd078f1ecf4e61b,3500,9/9/21,819163.7483,909.1717518,901,3905,3883404.651,930.8145456,4382,4263178.628,854.9787213,1,0,1.) Drop tokens 2.) No interactive ,https://chibilabs.io/,0,1
Kepler Multivisa ,0xa118C27Ff48cDdeB6225D20cBCAD1A888F53bD28,0xa118C27Ff48cDdeB6225D20cBCAD1A888F53bD28,7777,8/23/21,12219.87862,814.6585749,15,391,240532.0282,541.1585348,434,256186.502,438.7562673,1,0,1.) NFT drops 2.) No interactive ,https://keplersociety.com/,0,1
Riot Racers Cars ,0x82BBf7bE0eB9A6024b7A641bA179e00812bdAE53,0x877eaea451e20c2845296efb1de3662c5de64134,3300,6/2/21,59078.66438,562.6539464,105,165,118713.1905,1025.597571,853,460005.5633,759.2887208,0,1,1.) No access 2.) Interactive game ,https://riotracers.com/,0,1
Transported,0x495f947276749Ce646f68AC8c248420045cb7b5e,0x5b3256965e7C3cF26E11FCAf296DfC8807C01073,300,9/4/21,226803.1096,477.4802308,475,574,309419.2107,377.1077157,575,309419.5953,353.5625232,0,0,Art,,1,0
Klay Ape Club,0x86b0f3dfddadb2e57b00a6d740f1a464f79179bf,0x40eb7b8dd9327e3b849b0c57da05e2ed55a0d8bb,10000,10/30/21,20272.24745,171.7987072,118,1354,259235.1421,181.9597901,2126,328027.216,145.6118374,1,0,1.) Access 2.) No interactive game ,https://klayape.club/,0,1
Legends of the Metaverse,0x073C5a92D3cdf40DEc045BA6e1e11167DdA7c007,0x4e4da5abb3c4e27db723db8f543c2f6794c6a212,N/A,10/8/21,1780.502645,1780.502645,1,147,150446.3585,1920.329163,258,231691.2496,1399.19773,0,1,1.) No access 2.) Interactive game ,https://www.legendsofthemetaverse.com/,0,1
Panda Golf Squad,0x646c83Dd4DAd66e2FEdc87eA4fc9b03a3dF49EBE,0xabdf8f026cb685D691e78B12f606EB62061dBFA6,10000,6/26/21,7251.773587,102.1376562,71,946,150305.2024,137.5957815,1029,154624.5871,91.50962871,0,0,Art,,1,1
Metaverse Punks,0x495f947276749Ce646f68AC8c248420045cb7b5e,0x5b3256965e7C3cF26E11FCAf296DfC8807C01073,333,8/3/21,752.202,752.202,1,141,172978.9974,2045.124532,162,227587.8945,2279.488769,0,0,Art,,1,1
DeFiLabs,0xff9315c2c4c0208Edb5152F4c4eBec75e74010c5,0xa4633cB5cEebba4Bc3Ac3BAEAb8b19381896fe88,374,12/21/20,608.2,608.2,1,23,40701.87226,1459.650524,44,67914.41991,1428.403904,0,0,Art,,1,0
Ethemerals,0xeE8C0131aa6B66A2CE3cad6D2A039c1473a79a6d,0x53Cb67568F2a266847b4F79c0acD922d989146eE,1001,10/1/21,134600.0996,572.7663811,235,420,254912.9143,571.1423194,458,266192.6147,462.8969629,0,1,1.) No access 2.) Interactive game ,,0,1
Julia Set Collection,0x53Cb67568F2a266847b4F79c0acD922d989146eE,0xC6a79CEbdCfBD3fFA280662417Ea20269795f634,4200,9/17/21,42019.2307,1024.859285,41,366,210621.1931,440.3603196,444,240308.1148,437.2079993,0,0,Art,,1,1
Pettametti,0x52474FBF6b678a280d0C69F2314d6d95548b3DAF,0x483a124f6717AD67440AF11A77dEc25F1a3d1259,300,10/5/21,703.52,703.52,1,58,263023.395,2966.098627,68,288955.9779,2792.594365,1,0,Art (Access to future mints) ,,1,1
Cuddles Collection,0x495f947276749Ce646f68AC8c248420045cb7b5e,0x5b3256965e7C3cF26E11FCAf296DfC8807C01073,154,7/17/21,5126.98856,205.0795424,25,128,44119.13477,392.7470706,292,168756.4612,442.4782402,0,0,Art,,1,1
KBOT_Factory ,0xDa7d7F75c9aB826329888F056026d6ba8525d5Bb,0xf58ded9e1caf8690f957a8c1ae6586bfe6fd4510,4000,9/30/21,107693.1855,198.6959142,542,1362,242941.6118,107.4523821,1463,249526.9079,79.71166258,0,0,Art,,1,1
Millionaire Raccoons League,0x495f947276749Ce646f68AC8c248420045cb7b5e,0x5b3256965e7C3cF26E11FCAf296DfC8807C01073,500,8/10/21,19354.50851,251.3572534,77,101,28361.52846,381.1998185,584,192460.8441,584.2311526,1,0,1.) Access to new tokens 2.) No game,,0,1
Crazy Dragon Corps ,0x17EB3b4954D36d5C14eE9990B479d063286153F5,0x7775ded3f9a708829d8e9016fcb7c26895095cdf,3333,9/4/21,7657.526568,3828.763284,2,76,172218.3021,1712.190995,145,221260.3225,1106.853594,0,1,1.) No access 2.) Evolution ,,0,1
DeListed Tiny Punks,0x495f947276749Ce646f68AC8c248420045cb7b5e,0x4367c0cb52d36f5919705dcba99326b645b669b3,1000,8/17/21,1807.218,54.76418182,33,927,224671.017,226.4248448,983,236580.1212,247.5077813,0,0,Art,,1,1
The Forgotten Cult,0x625D9e54d4346BC8c1b377e8bfCaBb64Bbb8dC89,0x5058B704C352980ece01720cE7A5a1b49469A460,3333,11/21/21,144810.4858,137.652553,1052,1788,316402.6859,107.4494071,1788,316402.6859,107.4494071,0,0,Art,,1,1
UltraPunks,0x495f947276749Ce646f68AC8c248420045cb7b5e,0x5b3256965e7C3cF26E11FCAf296DfC8807C01073,10000,3/11/21,2645.97543,264.597543,10,182,70433.47628,349.7020282,217,86912.18202,331.2556811,0,0,Art,,1,1
Drooling Bear,0x495f947276749Ce646f68AC8c248420045cb7b5e,0x5b3256965e7C3cF26E11FCAf296DfC8807C01073,555,9/18/21,0,0,1,347,105730.495,321.6384994,605,204642.5309,446.3450955,0,0,Art,,1,1
Paradise Trippies ,0x4cA4d3B5B01207FfCe9beA2Db9857d4804Aa89F3,0x269Db79b1946fE112994ff628ee2358314b9c4ea,10000,11/29/21,15918.7815,612.2608268,26,26,15918.7815,612.2608268,26,15918.7815,612.2608268,1,0,1.) Access 2.) No interactive game ,,0,1
Babe Ape Boat Club,0x495f947276749Ce646f68AC8c248420045cb7b5e,0x5b3256965e7C3cF26E11FCAf296DfC8807C01073,333,5/18/21,202.7284516,101.3642258,2,34,2726.369135,79.71311964,82,7361.130408,85.10403336,1,0,1.) Access 2.) No interactive game ,,0,1
Doomed Souls Army,0x974a46cFdf5018258e48f4506Ce062691cDA2936,0x084A9549ef31313b278F7211e28C9ad629eb11a1,2501,9/23/21,32034.45054,197.7435219,162,934,226602.4699,176.5684487,969,229900.7847,129.0789719,1,0,1.) Access 2.) No interactive game ,,0,1
NFT RedZone,0x084A9549ef31313b278F7211e28C9ad629eb11a1,0x828A0DeDc21e0cfA61809c72512a260D8afF173a,7216,9/22/21,2185.020616,364.1701026,6,382,149201.6294,427.172428,490,180802.283,367.5149709,1,0,1.) Access 2.) No interactive game ,,0,1
hypnos,0x495f947276749Ce646f68AC8c248420045cb7b5e,0x5b3256965e7C3cF26E11FCAf296DfC8807C01073,201,7/19/21,399.8382736,36.34893396,11,207,83664.30862,947.206416,305,177572.6317,1214.458363,0,0,1.) No access 2.) No game,,1,1
Vhils,0xead774ea11cbf097776b471a1dab1bf1c06d3969,0xead774ea11cbf097776b471a1dab1bf1c06d3969,N/A,2/27/21,20962.39119,6987.46373,3,21,129372.1032,7908.942294,21,129372.1032,7908.942294,0,0,Art,,1,0
Crypteriors: Local ,0x219351f2BaEc497A42416Ba170a9B09696bf9e2e,0x4e4070e996d3DdEE621759c6d433A20469A889E2,4444,9/18/21,134.0234105,134.0234105,1,1266,242525.0741,72.98240789,1287,242932.3244,62.42769526,0,0,Art,,1,1
Clout Punks,0x495f947276749Ce646f68AC8c248420045cb7b5e,0xacb3a1d7391da281b3d6f7565f81b7b4865efcb8,500,4/16/21,485.33,121.3325,4,28,3735.306343,143.4900845,119,19569.67342,176.4450171,0,0,Art,,1,0
alien codex ,0x495f947276749Ce646f68AC8c248420045cb7b5e,0x5b3256965e7C3cF26E11FCAf296DfC8807C01073,200,8/30/21,44011.08413,354.9280978,124,291,135907.3007,600.9809171,348,249884.3536,1095.508699,0,0,Art,,1,0
Diamond Crypto Dunks,0xf0b23D4738ed2C7d89a13d3391Ae4e9a8ccF0E44,0xf019922670dfe759ccca86829e3f5923ace064b4,4200,10/27/21,2543.68512,847.89504,3,393,217621.3576,564.8709672,593,298976.9057,458.2061528,1,0,1.) Merch drop 2.) No interactive game ,,0,0
Louvre Punks,0x495f947276749Ce646f68AC8c248420045cb7b5e,0x5b3256965e7C3cF26E11FCAf296DfC8807C01073,200,3/31/21,191.791,191.791,1,140,71804.71629,537.4894786,203,120386.4218,660.4515085,0,0,Art,,1,1
OneDayPunks,0x5537d90A4A2DC9d9b37BAb49B490cF67D4C54E91,0xed9198181bbd4e09ff320fa11ae062e140be0c4e,10000,9/4/21,116477.1776,613.0377766,190,413,177366.3598,211.0350406,848,253884.3239,198.8221896,1,1,1.) Token drop 2.) NFT augmentation,,0,1
Lady Killaz ,0xE4D0E33021476Ca05aB22C8BF992D3b013752B80,0xef03562Aba60Bb37CFe23E036afba332e0DE4695,10000,10/1/21,18003.67181,281.307372,64,872,233912.2928,207.1166089,1016,257269.1018,159.7441831,0,1,1.) No access 2.) Interactive game ,,0,1
JunkYardBones,0x2C173A97ED9beC4b292c7786811510268fd5e170,0x564AEd71080D74b4550baD82DC0BaA12737DCB64,897,8/4/21,1362.657508,1362.657508,1,607,216944.8355,618.2341112,647,220452.4924,343.8485347,0,0,Art,,1,0
NFFT,0xa48b440fC00Ac8cd53E73CC39F5F7DA931fd064f,0xcc54d9ce5E84298f6Bc8E5daeB8AfE318d5E913F,9100,3/27/21,1576.74344,394.1858599,4,244,68101.40939,294.3230413,349,153388.125,584.3849057,0,1,1.) No access 2.) NFT Augmentation,,1,1
Einform,0xD1581120884C98dfAa670a98931d49c055313173,0x73a11E460D3Cc2882F8B2755E735e9f0EDd6523A,999,8/31/21,201869.7492,503.4158334,401,576,258498.3805,174.9889888,588,258943.3613,120.8803545,0,0,Art,,1,0
The Boneys,0x495f947276749Ce646f68AC8c248420045cb7b5e,0x5b3256965e7C3cF26E11FCAf296DfC8807C01073,1000,10/10/21,2.73481857,0.341852321,8,508,200140.3996,454.7498529,698,264944.3677,467.1651712,0,0,Art,,1,1
vApez,0x5b85dB25439b00e3e4F11d6F25a0ABd3Df871111,0x6f9262e629119F9Fd6d6d9B6589086F44BA470Df,3000,11/25/21,255384.4096,258.2248833,989,1401,318996.584,131.0440334,1401,318996.584,131.0440334,1,0,Art (Access to future mints) ,,1,0
Footium Football Club V2,0x659cf1306eDBA213D1fb8F9352B4593A82B05d0c,0xd563af2f1a2F1FAE42f81Ba01365a8227b6845B8,N/A,11/19/21,26675.94538,272.2035243,98,441,125772.315,304.6021575,441,125772.315,304.6021575,0,0,Collection,,0,0
VenusScramble,0x2E472C8C7f9659F5b61D83f547c90eA8b8247dF0,0x47C38dDB687c162f30334E41Bd542Ed872a37475,2100,2/29/20,2403.934992,1201.967496,2,20,5771.135241,218.9700251,45,8618.556307,169.7887945,0,1,1.) No access 2.) Interactive game ,,0,0
Chibi Fighters 1.0,0x71C118B00759B0851785642541Ceb0F4CEea0BD5,0x71C118B00759B0851785642541Ceb0F4CEea0BD5,4100,4/30/18,334.7817836,334.7817836,1,40,935.749121,35.2158102,97,1855.556504,25.32347556,0,0,Collection,,0,0
Pigskin Apes,0x58D871d9a1b8551b7A852E0B2641FFf7D3a8D606,0x4cF49B4F82aE3aED2499b4F57A8208bb001A6EDC,9600,9/9/21,2872.499858,359.0624823,8,582,120448.8852,234.3247162,819,165141.1528,228.3762397,1,1,1.) Access 2.) Interactive game,,0,1
89 Seconds Atomized ,0x0f130a170127Aa4E5776Ab05305ff614Ff352253,0xC5a3d99e05c39A18D6342B5F27c08c64a486dF00,2304,10/17/20,3685.0092,737.00184,5,32,39145.62074,1162.082807,61,207160.5783,3342.456185,0,1,1.) No access 2.) Interactive assembly,,1,0